track_id,name,album,year,lyrics,has_lyrics,compound,pos,neg,neu,word_count,unique_words,lexical_richness
5KZ0qobWEFl892YjIC02SE,You,Pablo Honey,1993,"You are
The sun and moon
And stars are you
And I could never run away
From you

You try
At working out chaotic things
And why
Should I believe myself, not you?

It's like
The world is going to end so soon
And why
Should I believe myself?

Aaaaaaaaah ha hooooooo

You, me and everything
Caught in the fire
I can see me drowning
Caught in the fire
You, me and everything
Caught in the fire
I can see me drowning
Caught in the fire",True,-0.8972,0.026,0.167,0.807,34,24,0.7058823529411765
70LcF31zb1H0PyJoS1Sx1r,Creep,Pablo Honey,1993,"When you were here before
Couldn't look you in the eye
You're just like an angel
Your skin makes me cry
You float like a feather
In a beautiful world
And I wish I was special
You're so fuckin' special

But I'm a creep, I'm a weirdo.
What the hell am I doing here?
I don't belong here.

I don't care if it hurts
I want to have control
I want a perfect body
I want a perfect soul
I want you to notice
When I'm not around
You're so fuckin' special
I wish I was special

But I'm a creep, I'm a weirdo.
What the hell am I doing here?
I don't belong here.

She's running out the door,
She's running out
She's run run run run...

Whatever makes you happy
Whatever you want
You're so fuckin' special
I wish I was special...

But I'm a creep, I'm a weirdo,
What the hell am I doing here?
I don't belong here.
I don't belong here.",True,0.502,0.258,0.198,0.544,62,32,0.5161290322580645
5qsgK2wcodYCEbgbdCpYOG,How Do You?,Pablo Honey,1993,"His banner is twistin'
He knows what he wants
He wants to be looked at
He wants to be loved
He wants us to listen
He wants us to leave
And he was a stupid baby
Turned into a powerful freak

How do you?
How do you?
How do you?

He's just like his mother
But we showed him respect
He's a dangerous bigot
But we always forget
And he's just like his daddy
Cuz he cheats on his friends
And he steals anybody's
Any way that he can

How do you?
How do you?
How do you?",True,-0.4956,0.146,0.173,0.68,33,28,0.8484848484848485
6HbWoyinLdXPZmk6xONuKw,Vegetable,Pablo Honey,1993,"I never wanted anything like this
I worked hard, tried hard
I ran around in domestic bliss
I fought hard, died long

Every time you're running out of here
Every time you're running I get the fear

I never wanted any broken bones
Scarred face, no home
Your words surround me and asphyxiate
And I burn all hate

Every time you're running out on me
Every time you're running I can see

I'm not a vegetable
I will not control myself
I spit on the hand that feeds me
I will not control myself

The waters spray, the waters roll all over me
The waters spray, the waters roll on this tired [?]

I'm not a vegetable
I will not control myself
I spit on the hand that feeds me
I will not control myself",True,-0.8414,0.089,0.173,0.738,64,39,0.609375
2wOvYLilnDJfuPXGHGFAWZ,Ripcord,Pablo Honey,1993,,False,,,,,0,0,
23oUaizFBFVFI5PxJrkiO5,Anyone Can Play Guitar,Pablo Honey,1993,"Destiny...
destiny protect me from the world
Destiny...
hold my hand, protect me from the world

Here we are, with our running and confusion
And I don't see no confusion anywhere

As the world does turn
And if London burns
I'll be standing on the beach
with my guitar
I wanna be in a band
When I get to heaven
Anyone can play guitar and they won't
be a nothing anymore

Grow my hair...
grow my hair
I am Jim Morrison
Grow my hair...
I wanna be wanna be wanna be Jim Morrison

Here we are, with our running and confusion
And I don't see no confusion anywhere

As the world does turn
And if London burns
I'll be standing on the beach
with my guitar
I wanna be in a band
When I get to heaven
Anyone can play guitar and they won't
be a nothing anymore",True,0.9297,0.152,0.057,0.792,59,26,0.4406779661016949
46tfxn5lP7Qsbz7NHsj9iu,Thinking About You,Pablo Honey,1993,"Been thinking about you,
the way I cut your hair
Your eyes are on my wall,
your teeth are over there

But I'm still no one,
and you're my star

What do you care?

Been thinking about you,
and there's no rest

Should I still love you,
still see you in bed

When I'm playing with myself?
What do you care
when the other men are far, far better?

All the things you got,
all the things you need
I bought you cigarettes,
and pried the company
to come and see you,
honey

I've been thinking about you, so how can you sleep?
Those people aren't your friends, they're paid to kiss your feet
They don't know what I know.
Why should you care when I'm not there?

Been thinking about you, and there's no rest
Should I still love you, still see you in bed
When I'm playing with myself?
What do you care when I'm not there?

All the things you got
that you'll never need
all the things you got
I bled and
I bleed to please you

Been thinking
about you...",True,0.9886,0.203,0.06,0.737,66,40,0.6060606060606061
5XpcTQlNnfIQbiWE4hvYo7,Blow Out,Pablo Honey,1993,"In my mind [ ?? ]
All the time killin' what I feel
And everything I took

All I took while she [ ?? ]
All I took while she was crying

Just a start...

And everything I took

All I took while she [ ?? ]
All I took while she was crying

I infuse just in case I blow out
I am plain just in case I crack up

Everything I took turns to stone

All I took while she [ ?? ]
All I took while she was crying",True,-0.8823,0.0,0.135,0.865,28,15,0.5357142857142857
30C1FoJzEhNUILsxghioGz,Lurgee,Pablo Honey,1993,"I feel better,
I feel better now you've gone

I got better,
I got better, I got strong

I feel better,
I feel better, now there's nothing wrong

I got better,
I got better, I got strong

Tell me something,
Tell me something I don't know

Tell me one thing,
Tell me one thing, let it go

I got something,
I got something heaven knows

I got something,
I got something I don't know",True,0.9869,0.437,0.0,0.563,47,16,0.3404255319148936
13nQ70PnhDnTkYqCmdg3sy,I Can't,Pablo Honey,1993,,False,,,,,0,0,
0GDuL9TCO41PgsrKWBSGlm,Prove Yourself,Pablo Honey,1993,"I can't afford to breathe
in this town
Nowhere to sit
with out a gun in my hand
Look back up to the cathode ray...

I'm better off dead
I'm better off dead
I'm better off...

Prove yourself
Prove yourself
Prove yourself

I want to breathe, I want to grow
I say I want it but I don't know how
I look, I bleed, I beg and pray

I'm better off dead
I'm better off dead
I'm better off...

Prove yourself
Prove yourself
Prove yourself

I'm better off dead
I'm better off dead
I'm better off...

Prove yourself...",True,-0.09,0.277,0.228,0.495,45,22,0.4888888888888889
3CbAW3GjkBKfErt4LLbSzr,Stop Whispering,Pablo Honey,1993,"And the wise man said
""I don't wanna hear your voice""
And the thin man said
""I don't wanna hear your voice""
And they're cursing me
And they won't let me be
There's nothing to say
And there's nothing to do

Stop whispering, start shouting
Stop whispering, start shouting

And my mother said
""Let me spit on you son some more""
And the [? building ?] said
""Let me spit on your face some more""

And the feeling is
That there's something wrong
Cuz I can't find the words
And I can't find the song

Stop whispering, start shouting
Stop whispering, start shouting

They said, ""I have a complaint
""Can't remember what it is
""That's why I'm here""

Stop whispering, start shouting
Stop whispering, start shouting",True,0.8048,0.123,0.039,0.838,67,31,0.4626865671641791
2a1iMaoWQ5MnvLFBDv4qkf,High and Dry,The Bends,1995,"Two jumps in a week,
I bet you think that's pretty clever don't you boy?
Flying on your motorcycle,
watching all the ground beneath you drop.
You'd kill yourself for recognition
kill yourself to never ever stop.
You broke another mirror
you're turning into something you are not.

Don't leave me high, don't leave me dry
Don't leave me high, don't leave me dry

Drying up in conversation,
you will be the one who cannot talk.
All your insides fall to pieces,
you just sit there wishing you could still make love
They're the ones who'll hate you
when you think you've got the world all sussed out
They're the ones who'll spit at you.
You will be the one screaming out.

Don't leave me high, don't leave me dry
Don't leave me high, don't leave me dry

It's the best thing that you've ever had,
the best thing that you've ever, ever had.
It's the best thing that you've ever had
the best thing you've had has gone away.

Don't leave me high, don't leave me dry
Don't leave me high, don't leave me dry",True,0.8432,0.14,0.153,0.708,90,54,0.6
7oDFvnqXkXuiZa1sACXobj,The Bends,The Bends,1995,"where do we go from here?
the words are coming out all wierd
where are you now when i need you?
alone on an aeroplane
falling asleep against the window pane
my blood will THICKEN.

i need to wash myself again to hide all the dirt and pain
i'd be scared that there's nothing underneath
and who are my real friends?
have they all got the bends?
am i really sinking this low?

my baby's got the bends
we don't have any real friends
i'm just lying in a bar with my drip feed on
talking to my girlfriend waiting for something to happen
and i wish it was the sixties
i wish i could be happy
i wish
i wish
i wish that something would happen..

where do we go from here?
the words are coming out all wierd
where are you now when i need you?
they brought in the CIA
the tanks and the whole marines to blow me away
to blow me sky high.

my baby's got the bends
we don't have any real friends
i'm just lying in a bar with my drip feed on
talking to my girlfriend waiting for something to happen
and i wish it was the sixties
i wish i could be happy
i wish
i wish
i wish that something would happen

i want to live and breathe
i want to be part of the human race

where do we go from here?
the words are coming out all wierd
where are you now when i need you?",True,0.9714,0.168,0.083,0.749,103,57,0.5533980582524272
37JISltgxizbDAyNEEqkTY,Planet Telex,The Bends,1995,"you can force it but it will not come.
you can taste it but it will not form.
you can crush it but it's always here.
you can crush it but it's always near
chasing you home
saying everything is broken
everyone is broken.

you can force it but it will stay stung.
you can crush it as dry as a bone.
you can walk it straight home from school.
you can kiss it you can break all the rules
but still everything is broken,
everyone is broken.
why can't you forget?",True,-0.9355,0.072,0.2,0.727,36,26,0.7222222222222222
73CKjW3vsUXRpy3NnX4H7F,Fake Plastic Trees,The Bends,1995,"The green plastic watering can
For her fake Chinese rubber plant
In the fake plastic Earth

That she bought from a rubber man
In a town full of rubber plans
To get rid of itself

It wears her out
It wears her out
It wears her out
It wears her out

She lives with a broken man
A cracked polystyrene man
Who just crumbles and burns

He used to do surgery
For girls in the 80s
But gravity always wins

And it wears him out
It wears him out
It wears him out
It wears...

She looks like the real thing
She tastes like the real thing
My fake plastic love

But I can't help the feeling
I could blow through the ceiling
If I just turn and run

And it wears me out
It wears me out
It wears me out
It wears me out

And if I could be who you wanted
If I could be who you wanted
All the time
All the time",True,0.7655,0.096,0.082,0.822,70,44,0.6285714285714286
1dyTcli07c77mtQK3ahUZR,Just,The Bends,1995,"Can't get the stink off
He's been hanging 'round for days
Comes like a comet
Suckered you but not your friends
One day he'll get to you
And teach you how to be a holy cow

You do it to yourself, you do
And that's what really hurts
Is that you do it to yourself, just you
You and no one else
You do it to yourself
You do it to yourself

Don't get my sympathy
Hanging out the 15th floor
You've changed the locks three times
He still comes reeling through the door
One day I'll get to you
And teach you how to get to purest hell

You do it to yourself, you do
And that's what really hurts
Is that you do it to yourself, just you
You and no one else
You do it to yourself
You do it to yourself

You do it to yourself, you do
And that's what really hurts
Is that you do it to yourself, just you
You and no one else
You do it to yourself
You do it to yourself

You do it to yourself
You do it to yourself
You do it to yourself
You do it to yourself",True,-0.9884,0.015,0.161,0.824,51,31,0.6078431372549019
1tZcw7GtIqviL32bzaKdSo,(Nice Dream),The Bends,1995,"They love me like I was a brother
They protect me
Listen to me
They dug me my very own garden
Gave me sunshine
Made me happy
Nice dream
Nice dream
Nice dream

I call up my friend, the good angel
But she's out with
Her answer-phone
She says she would love to come help but
The sea would
electrocute us all
Nice dream
Nice dream
Nice dream

Nice dream
Nice dream
Nice dream

Nice dream
If you think that you're strong enough
Nice dream
If you think you belong enough

Nice dream
If you think that you're strong enough
Nice dream
If you think you belong enough

Nice dream
Nice dream
Nice dream
Nice dream",True,0.999,0.656,0.0,0.344,71,29,0.4084507042253521
76RAlQcfuQknnQFruYDj6Q,Bones,The Bends,1995,"I don't wanna a be krippled kracked
shoulders wrists knees and back
ground to dust and ash
crawling on all fours.
when you've got to feel it in your bones.
Now i can't climb the stairs
pieces missing everywhere
prozak painkillersss.
when you've got to feel it in your bones.
and i used to fly like Peter Pan
all the children flew when i touched their hands.",True,0.0772,0.039,0.034,0.927,34,31,0.9117647058823529
2QwObYJWyJTiozvs0RI7CF,Street Spirit (Fade Out),The Bends,1995,"Rows of houses, all bearing down on me
I can feel their blue hands touching me
All these things into position
All these things we'll one day swallow whole
And fade out again and fade out

This machine will, will not communicate
These thoughts and the strain I am under
Be a world child, form a circle
Before we all go under
And fade out again and fade out again

Cracked eggs, dead birds
Scream as they fight for life
I can feel death, can see its beady eyes
All these things into position
All these things we'll one day swallow whole
And fade out again and fade out again

Immerse your soul in love
Immerse your soul in love",True,-0.6486,0.064,0.112,0.824,53,36,0.6792452830188679
1elQc2QcyuBkI8FUIbNvcy,Sulk,The Bends,1995,"you bite through the big wall
the big wall bites back
you sit there and sulk
sit there and bawl
you are so pretty
when you're on your knees
disinfected
eager to please

sometimes you sulk
sometimes you burn
god rest your soul
when the loving comes
and we've already gone
just like your dad
you'll never change

each time it comes
it eats me alive
i try to behave
but it eats me alive
so i declare a holiday
fall asleep
drift away.",True,0.9507,0.225,0.0,0.775,45,37,0.8222222222222222
6UO72VSXEONxdfLyABihs9,Black Star,The Bends,1995,"I get home from work and you're still standing in your dressing gown
Well what am I to do?
I know all the things around your head
and what they do to you
What are we coming to?
What are we gonna do?
Blame it on the black star
blame it on the falling sky
blame it on the satellite that beams me home

The troubled words of a troubled mind I try to understand
what is eating you
I try to stay awake but it's 58 hours since that I last slept with you
What are we coming to?
I just don't know you anymore
Blame it on the black star
blame it on the falling sky
blame it on the satellite that beams me home

I get on the train and I just stand about now that I don't think of you
I keep falling over I keep passing out
when I see a face like you
What am I coming to?
I'm gonna melt down
Blame it on the black star
blame it on the falling sky
blame it on the satellite that beams me home

Ah, this is killing me
Ah, this is killing me",True,-0.9906,0.022,0.221,0.757,75,43,0.5733333333333334
5XuU9htN358NTMCcqRvfDV,Bullet Proof ... I Wish I Was,The Bends,1995,,False,,,,,0,0,
0jyikFM0Umv0KlnrOEKtTG,My Iron Lung,The Bends,1995,"Faith, you're driving me away
You do it everyday
You don't mean it
But it hurts like hell

My brain says I'm recieving pain
A lack of oxygen
From my life support
My iron lung

We're too young to fall asleep
To cynical to speak
We are losing it
Can't you tell?

We scratch our eternal itch
A twentieth century bitch
And we are grateful for
Our iron lung

The head shrinkers
They want everything
My uncle Bill
My Belisha beacon
The head shrinkers
They want everything
My uncle Bill
My Belisha beacon

Suck, suck your teenage thumb
Toilet trained and dumb
When the power runs out
We'll just hum

This, this is our new song
Just like the last one
A total waste of time
My iron lung

The head shrinkers
They want everything
My uncle Bill
My Belisha beacon
The head shrinkers
They want everything
My uncle Bill
My Belisha beacon

And if you're frightened
You can be frightened
You can be, it's OK
And if you're frightened
You can be frightened
You can be, it's OK

The head shrinkers
They want everything
My uncle Bill
My Belisha beacon",True,-0.99,0.122,0.242,0.636,99,58,0.5858585858585859
63OQupATfueTdZMWTxW03A,Karma Police,OK Computer,1997,"Karma Police, arrest this man, he talks in maths
He buzzes like a fridge, he's like a detuned radio

Karma Police, arrest this girl, her hitler hairdo,
is making me feel ill
And we have crashed her party

This is what you get,
This is what you get
This is what you get, when you mess with us

Karma Police, I've given all I can, it's not enough
I've given all I can, but we're still on the payroll

This is what you get,
This is what you get
This is what you get, when you mess with us

For a minute there
I lost myself, I lost myself
Phew, for a minute there
I lost myself, I lost myself
For a minute there
I lost myself, I lost myself
Phew, for a minute there
I lost myself, I lost myself",True,-0.9789,0.036,0.229,0.735,52,28,0.5384615384615384
6wnmRxEbwUK7WLyUtiRuT7,Fitter Happier,OK Computer,1997,"Fitter, happier, more productive,
comfortable, not drinking too much
Regular exercise at the gym, 3 days a week
Getting on better with your associate employee contemporaries
At ease
Eating well,
no more microwave dinners and saturated fats

A patient better driver, a safer car,
baby smiling in back seat
Sleeping well, no bad dreams, no paranoia
Careful to all animals,
never washing spiders down the plughole
Keep in contact with old friends,
enjoy a drink now and then

Will frequently check credit at moral bank, hole in wall
Favors for favors, fond but not in love
Charity standing orders
on sundays ring road supermarket
No killing moths or putting boiling water on the ants
Car wash, also on sundays,
no longer afraid of the dark or midday shadows
Nothing so ridiculously teenage
and desperate nothing so childish

At a better pace,
slower and more calculated, no chance of escape
Now self-employed, concerned, but powerless
An empowered and informed member of society,
pragmatism not idealism
Will not cry in public,
less chance of illness,
tires that grip in the wet
Shot of baby strapped in back seat,
a good memory still cries at a good film

Still kisses with saliva,
no longer empty and frantic
like a cat tied to a stick
That's driven into frozen winter shit,
the ability to laugh at weakness
Calm, fitter, healthier
and more productive a pig
in a cage on antibiotics",True,0.6732,0.249,0.206,0.545,148,132,0.8918918918918919
0gTRROuntlrPQ64W3J2Etv,Electioneering,OK Computer,1997,"I will stop, I will stop at nothing
Say the right things,
when electioneering I trust I can rely on your vote
When I go forwards, you go backwards,
somewhere we will meet
When I go forwards, you go backwards,
and somewhere we will meet

Riot shields, voodoo economics,
it's, it's just business
Cattle prods and the IMF,
I trust I can rely on your vote.
When I go forwards, you go backwards,
somewhere we will meet
When I go forwards, you go backwards,
somewhere we will meet",True,-0.1027,0.075,0.091,0.833,37,21,0.5675675675675675
7c378mlmubSu7NGkLFa4sN,Airbag,OK Computer,1997,"In the next World War
In a jackknifed juggernaut
I am born again
In the neon sign
Scrolling up and down
I am born again

In an interstellar burst
I'm back to save the universe

In a deep deep sleep
Of the innocent
I am born again
In a fast German car
I'm amazed that I survived
An airbag saved my life

In an interstellar burst
I am back to save the universe

In an interstellar burst
I am back to save the universe
In an interstellar burst
I am back to save the universe",True,0.9618,0.235,0.037,0.728,43,25,0.5813953488372093
2fuYa3Lx06QQJAm0MjztKr,Let Down,OK Computer,1997,"Transport, motorways and tram lines
Starting and then stopping, taking off and landing
The emptiest of feelings disappointed people
clinging onto bottles and
When it comes its so so disappointing

Let down and hanging around
Crushed like a bug in the ground
Let down and hanging around

Shell smashed, juices flowing wings twitch,
legs are going
Don't get sentimental, it always ends up drivel
One day I'm going to grow wings
A chemical reaction,
hysterical and useless hysterical and

Let down and hanging around
Crushed like a bug in the ground
Let down and hanging around let down again

You know, you know where you are with you,
know where you are
With floor collapses floating,
bouncing back and one day
I am gonna grow wings
A chemical reaction,
hysterical and useless hysterical and

Let down and hanging around
Crushed like a bug in the ground
Let down and hanging around",True,-0.9684,0.044,0.204,0.751,88,50,0.5681818181818182
0z1o5L7HJx562xZSATcIpY,Exit Music (For A Film),OK Computer,1997,"Wake from your sleep
The drying of your tears
Today we escape
We escape
Pack and get dressed
Before your father hears us
Before all hell breaks loose

Breathe, keep breathing
Don't lose your nerve
Breathe, keep breathing
I can't do this alone

Sing us a song
A song to keep us warm
There's such a chill
Such a chill

And you can laugh
A spineless laugh
We hope your rules and wisdom choke you
Now we are one in everlasting peace
We hope that you choke, that you choke

We hope that you choke, that you choke
We hope that you choke, that you choke",True,-0.6476,0.228,0.244,0.528,52,35,0.6730769230769231
2CVV8PtUYYsux8XOzWkCP0,Subterranean Homesick Alien,OK Computer,1997,"The breath of the morning I keep forgetting
The smell of the warm summer air
I live in a town where you can't smell a thing
You watch your feet for cracks in the pavement
Up above aliens hover
Making home movies for the folks back home
Of all these weird creatures who lock up their spirits
Drill holes in themselves and live for their secrets

They're all uptight, uptight
Uptight, uptight
Uptight, uptight

I wish that they'd swoop down in a country lane
Late at night when I'm driving
Take me on board their beautiful ship
Show me the world as I'd love to see it
I'd tell all my friends but they'd never believe me
They'd think that I'd finally lost it completely
I'd show them the stars and the meaning of life
They'd shut me away but I'd be all right
All right, all right, all right

I'm just uptight, uptight
Uptight, uptight
Uptight, uptight
Uptight, uptight
Uptight",True,-0.9865,0.055,0.242,0.703,81,60,0.7407407407407407
6LgJvl0Xdtc73RJ1mmpotq,Paranoid Android,OK Computer,1997,"Please, could you stop the noise?
I'm trying to get some rest
From all the unborn chicken voices in my head

What's that?
(I may be paranoid, but not an android)
What's that?
(I may be paranoid, but not an android)

When I am king, you will be first against the wall
With your opinion which is of no consequence at all

What's that?
(I may be paranoid, but no android)
What's that?
(I may be paranoid, but no android)

Ambition makes you look pretty ugly
Kicking, squealing Gucci little piggy
You don't remember
You don't remember
Why don't you remember my name?
Off with his head, man
Off with his head, man
Why don't you remember my name?
I guess he does

Rain down, rain down
Come on, rain down on me
From a great height
From a great height, height
Rain down, rain down
Come on, rain down on me
From a great height
From a great height, height
That's it, sir, you're leaving (Rain down)
The crackle of pigskin (Rain down)
The dust and the screaming (Come on, rain down)
The yuppies networking (On me)
The panic, the vomit (From a great height)
The panic, the vomit (From a great height)
God loves his children
God loves his children, yeah!",True,0.9856,0.216,0.13,0.654,98,52,0.5306122448979592
10nyNJ6zNy2YVYLrcwLccB,No Surprises,OK Computer,1997,"A heart that's full up like a landfill,
a job that slowly kills you,
bruises that won't heal

You look so tired and unhappy
bring down the government,
they don't, they don't speak for us

I'll take a quiet life,
a handshake of carbon monoxide

No alarms and no surprises
no alarms and no surprises
no alarms and no surprises
silent, silent

This is my final fit, my final bellyache with

No alarms and no surprises
no alarms and no surprises
no alarms and no surprises, please

Such a pretty house, such a pretty garden

No alarms and no surprises (let me out of here)
no alarms and no surprises (let me out of here)
no alarms and no surprises, please (let me out of here)",True,-0.983,0.188,0.391,0.421,55,33,0.6
14xj58ZexBaEaHARb11Cqs,Lucky,OK Computer,1997,"I'm on a roll,
I'm on a roll,
this time,
I feel my luck could change
Kill me Sarah,
kill me again with love,
it's gonna be a glorious day
Pull me out of the aircrash,
pull me out of the lake,
cause I'm your superhero
We are standing on the edge
The head of state is calling my name but I,
I don't have time for him
It's gonna be a glorius day,
I feel my luck could change
Pull me out of the aircrash,
pull me out of the lake,
cause I'm your superhero
We are standing on the edge,
we are standing on the edge

We are standing on the edge",True,0.6705,0.095,0.048,0.857,44,23,0.5227272727272727
1UuaWKypSkIHxFZD03zw4m,The Tourist,OK Computer,1997,"It barks at no-one else but me
like it's seen a ghost
I guess it seen the sparks,
a flowing no one else would know
Hey man slow down, slow down,
idiot slow down, slow down

Sometimes I get overcharged
that's when you see sparks
You ask me where the hell I'm going
at thousand feet per second?
Hey man, slow down, slow down,
idiot slow down, slow down

Hey man, slow down, slow down,
idiot slow down, slow down.",True,-0.9757,0.033,0.261,0.706,45,26,0.5777777777777777
2PDQReEXBViVwkrbQ34vd7,Climbing Up the Walls,OK Computer,1997,"I am the key to the lock in your house,
that keeps your toys in the basement
And if you get too far inside,
you'll only see my reflection
It's always best when the light is off,
I am the pick in the ice
Do not cry out or hit the alarm,
we're friends till we die

And either way you turn,
I'll be there, open up your skull
I'll be there, climbing up the walls

It's always best when the light is off,
it's always better on the outside
Fifteen blows to the back of my head,
fifteen blows to your mind
So tuck the kids in safe tonight,
shut the eyes in the cupboard
I’ve got the smell of a local man,
Who’s got the loneliest feeling

That either way you turn,
I'll be there, open up your skull
I'll be there, climbing up the walls

Climb up the walls. climb up the walls",True,0.8923,0.123,0.056,0.822,67,50,0.746268656716418
4SrRrB27n7fiRkQcPoKfpk,Motion Picture Soundtrack,Kid A,2000,,False,,,,,0,0,
4h37RgtBg9iynN3BIL5lFU,Morning Bell,Kid A,2000,"The morning bell
The morning bell
Had a null encounter
Release me
Release me

You can keep the furniture
A bump on the head
Howling down the chimney
Release me
Release me
Please
Release me
Release me

Where'd you park the car
Where'd you park the car
Clothes are all alone with the furniture
Now I might as well
I might as well

Sleepy jack the fire drill
Running around around around...

Cut the kids in half
Cut the kids in half
Cut the kids in half

I wanted to tell you but you never listened
You never understand
I wanted to tell you but you never listened
You never understand
Cos I'm walking walking walking...

The lights are on but nobody's home
Everybody wants to be a
The lights are on but nobody's home
Everybody wants to be a singer
Walking walking walking...

The lights are on but nobody's at home
Everybody wants to be a
Everyone wants to be a friend
Nobody wants to be a singer
Walking walking walking...",True,0.4939,0.054,0.046,0.9,93,44,0.4731182795698925
4aeCuOowYXJXrMZsVHZbfF,Untitled,Kid A,2000,,False,,,,,0,0,
1W5XugQJGhnSATMI5n002M,Idioteque,Kid A,2000,"Who's in the bunker?
Who's in the bunker?
Women and children first
And children first
And children
I'll laugh until my head comes off
I'll swallow till I burst
Until I burst
Until I

Who's in bunker?
Who's in bunker?
I have seen too much
I haven't seen enough
You haven't seen it
I'll laugh until my head comes off
Women and children first
And children first
And children

Here I'm allowed
Everything all of the time
Here I'm allowed
Everything all of the time

Ice age coming
Ice age coming
Let me hear both sides
Let me hear both sides
Let me hear both
Ice age coming
Ice age coming
Throw it in the fire
Throw it in the fire
Throw it on the

We're not scaremongering
This is really happening
Happening
We're not scaremongering
This is really happening
Happening
Mobiles working
Mobiles chirping
Take the money and run
Take the money and run
Take the money

Here I'm allowed
Everything all of the time
Here I'm allowed
Everything all of the time

Here I'm allowed
Everything all of the time
Here I'm allowed
Everything all of the time",True,0.6553,0.042,0.025,0.933,98,34,0.3469387755102041
4Wgj6jzoI2gYlumXdYAB8U,The National Anthem,Kid A,2000,"Everyone
Everyone around here
Everyone is so near
What's going on?
What's going on?

Everyone
Everyone is so near
Everyone has got the fear
What's going on?
What's going on?

What's going on?
What's going on?
What's going on?",True,-0.6322,0.0,0.099,0.901,25,7,0.28
3QDahKSqLwYJYQRbILdzS6,Kid A,Kid A,2000,"I slipped away
I slipped on a little white lie
We've got heads on sticks
You've got ventriloquists
We've got heads on sticks
You've got ventriloquists
Standing in the shadows at the end of my bed
Standing in the shadows at the end of my bed
Standing in the shadows at the end of my bed
Standing in the shadows at the end of my bed
Rats and children follow me out of town
Rats and children follow me out of their homes
Watch it",True,0.0,0.0,0.0,1.0,41,19,0.4634146341463415
2kRFrWaLWiKq48YYVdGcm8,Everything In Its Right Place,Kid A,2000,"Kid A, Kid A
Kid A, Kid A
God sent a spark

Everything, everything
Everything, everything
In its right place
In its right place
In its right place
In its right place

Yesterday I woke up sucking a lemon
Yesterday I woke up sucking a lemon
Yesterday I woke up sucking a lemon
Yesterday I woke up sucking a lemon

Everything
Everything
Everything
In its right place
In its right place
In its right place
Right place

There are two colours in my head
There are two colours in my head
What, what is that you tried to say?
What, what was that you tried to say?
Tried to say
Tried to say
Tried to say
Tried to say

Everything
Everything
Everything",True,0.5204,0.038,0.0,0.962,67,16,0.23880597014925373
2rtGaCAeYtmcIvuZsvgTf6,How to Disappear Completely,Kid A,2000,"That there
That's not me
I go
Where I please
I walk through walls
I float down the Liffey
I'm not here
This isn't happening
I'm not here
I'm not here

In a little while
I'll be gone
The moment's already passed
Yeah it's gone
And I'm not here
This isn't happening
I'm not here
I'm not here

Strobe lights and blown speakers
Fireworks and hurricanes
I'm not here
This isn't happening
I'm not here
I'm not here",True,0.5423,0.06,0.0,0.94,21,18,0.8571428571428571
0xivCtzVVrdeq32s8EnOO6,In Limbo,Kid A,2000,"Being the first in the Irish Sea
I got a message I can't read
Another message I can't read

Being the first in the Irish Sea
I got a message I can't read
Another message I can't read

I'm on your side
Nowhere to hide
Trapdoors that open
I spiral down

You're living in a fantasy
You're living in a fantasy

I'm lost at sea
Don't bother me
I've lost my way
I've lost my way

You're living in a fantasy
You're living in a fantasy
You're living in a fantasy
This beautiful world

Being the first in the Irish Sea
I got a message I can't read
Another message I can't read",True,0.1416,0.072,0.067,0.861,58,21,0.3620689655172414
1FoUsSi9BCTlNt2Vd7V8XA,Optimistic,Kid A,2000,"Flies are buzzing round my head
Vultures circling the dead
Picking up every last crumb
The big fish eat the little ones
The big fish eat the little ones
Not my problem, give me some
You can try the best you can
If you try the best you can
The best you can is good enough
If you try the best you can
If you try the best you can
The best you can is good enough
This one's optimistic
This one went to market
This one just came out of the swamp
This one dropped a payload
Fodder for the animals
Living on animal farm
If you try the best you can
If you try the best you can
The best you can is good enough
If you try the best you can
If you try the best you can
The best you can is good enough
I'd really like to help you, man
I'd really like to help you, man
And now this messed up millionaire
Floating around on a prison ship
If you try the best you can
If you try the best you can
The best you can is good enough
If you can try the best you can
If you try the best you can
Dinosaurs ruling the earth
Dinosaurs ruling the earth
Dinosaurs ruling the earth",True,0.9982,0.337,0.042,0.621,101,49,0.48514851485148514
4LrfsgQ5AGouvH3PlxW2PC,Treefingers,Kid A,2000,,False,,,,,0,0,
0kSDNLOdJqpGhV2vtVFWmS,Dollars and Cents,Amnesiac,2001,"There are better things to talk about
Be constructive
There are weapons we can use
Be constructive
With your blues
Even when it's only warnings
Even when you talk the war games

Oh Why don't you quiet down?
(Maybe I want peace and honesty)
Why don't you quiet down?
(Maybe I want to live in the children's land
And you know maybe, maybe I)
Why don't you quiet down?
(Maybe I'll wander the promised land
I want peace and honesty)
Why don't you quiet down?
(I want to live in the promised land
And maybe wander the children's land)
Quiet down! (Yeah, and there, there we can free)

You don't live in a business world and
You never go out and you never stay
We won our goals in a liberal world
Living in times when I could stand it, babe
All over, baby's crying
It'll all be, baby, I can see out of here
All over the planet's dead
All over the planet, so let me out of here
All over the, all over the, all over the, all over the

(Quiet down)
We are the dollars and cents and the pounds and pence
And the mark and the yen, and yeah
(Why don't you quiet down?)
We're gonna crack your little souls
We're gonna crack your little souls
(Why don't you quiet down?)
We are the dollars and cents and the pounds and pence
And the pounds and pence, and yeah
(Why don't you quiet down?)
We're gonna crack your little souls
Crack your little souls
We are the dollars and cents",True,0.33,0.09,0.068,0.842,99,51,0.5151515151515151
55q3Ro66yXWi9rsEddeEN4,Pyramid Song,Amnesiac,2001,"I jumped in the river and what did I see?
Black-eyed angels swam with me
A moon full of stars and astral cars
All the things I used to see
All my lovers were there with me
All my past and futures
And we all went to heaven in a little row boat
There was nothing to fear and nothing to doubt

I jumped into the river
Black-eyed angels swam with me
A moon full of stars and astral cars
And all the things I used to see
All my lovers were there with me
All my past and futures
And we all went to heaven in a little row boat
There was nothing to fear and nothing to doubt

There was nothing to fear and nothing to doubt
There was nothing to fear and nothing to doubt",True,0.9824,0.217,0.0,0.783,61,25,0.4098360655737705
6AIq6WIkWBoRUb6kTVY8yU,Pulk/Pull Revolving Doors,Amnesiac,2001,,False,,,,,0,0,
0tDn82XkoueVV5q9G7OUAv,Packt Like Sardines In a Crushd Tin Box,Amnesiac,2001,,False,,,,,0,0,
5JZ1jTanqLWVuThmZ6XRAc,I Might Be Wrong,Amnesiac,2001,"I might be wrong
I might be wrong
I could have sworn
I saw a light coming on

I used to think
I used to think
There is no future left at all
I used to think

Open up, begin again
Let's go down the waterfall
Think about the good times
And never look back
Never look back

What would I do?
What would I do?
If I did not have you?

Open up, let me in
Let's go down the waterfall
Have ourselves a good time
It's nothing at all
Nothing at all
Nothing at all",True,-0.4836,0.061,0.094,0.844,41,24,0.5853658536585366
7Hg6a7tZsVTkXnBUepjZU6,You And Whose Army?,Amnesiac,2001,"Come on, come on
You think you'll drive me crazy?
Well, come on, come on

You and whose army?
You and your cronies

Come on, come on
Holy Roman Empire
Come on if you think
Come on if you think
You can take us on
You can take us on

You and whose army?
You and your cronies

You forget so easy
We ride tonight
We ride tonight
Ghost horses
Ghost horses
We ride tonight
We ride tonight
Ghost horses
Ghost horses
Ghost horses",True,-0.8176,0.06,0.168,0.772,45,18,0.4
5xJc58mBWz68WhwU2n5seR,Life In a Glasshouse,Amnesiac,2001,,False,,,,,0,0,
3LpAIBGaRKXqgDzEV25Bh7,Hunting Bears,Amnesiac,2001,,False,,,,,0,0,
1irS6wtXCUUF5ytfPqOzpM,Like Spinning Plates,Amnesiac,2001,"While you make pretty speeches
I'm being cut to shreds
You feed me to the lions
A delicate balance

And this just feels like spinning plates
I'm living in cloud cuckoo land
And this just feels like spinning plates
My body's floating down the muddy river",True,0.743,0.183,0.041,0.777,25,21,0.84
521OhfIeThXJKiTyz0m883,Knives Out,Amnesiac,2001,"I want you to know
He's not coming back
Look into my eyes
I'm not coming back

So knives out
Catch the mouse
Don't look down
Shove it in your mouth

If you'd been a dog
They would've drowned you at birth

Look into my eyes
It's the only way you'll know I'm telling the truth

So knives out
Cook him up
Squash his head
Put him in the pot

I want you to know
He's not coming back
He's bloated and frozen
Still there's no point in letting it go to waste

So knives out
Catch the mouse
Squash his head
Put him in the pot",True,-0.7184,0.044,0.08,0.877,48,30,0.625
09rXQjOX61UGL36z76q8OS,Morning Bell/Amnesiac,Amnesiac,2001,,False,,,,,0,0,
5Qv2Nby1xTr9pQyjkrc94J,All I Need,In Rainbows,2007,"I'm the next act
Waiting in the wings

I'm an animal
Trapped in your hot car

I am all the days
That you choose to ignore

You are all I need
You are all I need
I'm in the middle of your picture
Lying in the reeds

I'm a moth
Who just wants to share your light

I'm just an insect
Trying to get out of the night

I only stick with you
Because there are no others

You are all I need
You're all I need
I'm in the middle your picture
Lying in the reeds

It's all wrong
It's all right
It's all wrong",True,-0.9578,0.019,0.185,0.796,36,28,0.7777777777777778
6yiSyupeI7KYdBZKJdnIUO,Go Slowly,In Rainbows,2007,"Over here
Come slowly
Come slowly to me
I've been waiting
Patient
Patiently
I didn't
But now I can see

That there's a way out
That there's a way out

That there's a way out
That there's a way out
That there's a way out",True,0.0,0.0,0.0,1.0,18,8,0.4444444444444444
4T1iiabe7G0UjWQJCY6NE2,Videotape,In Rainbows,2007,"When I'm at the pearly gates
This will be on my videotape, my videotape
Mephistopheles is just beneath
and he's reaching up to grab me

This is one for the good days
and i have it all here
In red, blue, green
Red, blue, green

You are my center
When i spin away
Out of control on videotape
On videotape
On videotape
On videotape

This is my way of saying goodbye
Because I can't do it face to face
I'm talking to you after it's too late
From my videotape

No matter what happens now
You shouldn't be afraid
Because I know today has been the most perfect day
I've ever seen",True,0.7645,0.085,0.019,0.896,43,33,0.7674418604651163
4Nckr2LBLkgNOdMadwNAxc,Down Is The New Up,In Rainbows,2007,"Get yourself together
Let the light pour in
Pour yourself a hot bath, pour yourself a drink
Nothing's gonna happen without a warning
Down is the new up
What is up, buttercup
Down is the new up, is the new up

Your services are not required
Your future's bleak, you're so last week

Ladies and gentlemen, without a safety net
I shall now perform a 180 flip-flop
I shall now amputate, I shall now contort
Because down is the new up
What if I just flip-flopped?
Down is the new up
Down is the new up
Down is the new up, is the new up

You're on Candid Camera
The chink in your armor
Topsy turvy town, topsy turvy town
Shake your pockets out
Pass it on, pass it down
Topsy turvy town, topsy turvy town",True,-0.2491,0.016,0.031,0.953,64,41,0.640625
49oVFSbl8QdRAXktelJZWC,MK 1,In Rainbows,2007,,False,,,,,0,0,
15irEKZ9D6FQqLoZ1qJ1Cx,Faust Arp,In Rainbows,2007,"One two three four

Wakey wakey
rise and shine
it's on again, off again, on again
watch me fall
like dominos
in pretty patterns
Fingers in the blackbird pie
i'm tingling tingling tingling
it's what you feel now
what you ought to, what you ought to
reasonable and sensible
dead from the neck up
because im stuffed, stuffed, stuffed
we thought you had it in you
but no, no, no
for no real reason

Squeeze the tubes and empty bottles
take a bow take a bow take a bow
it's what you feel now
what you ought to
what you ought to
an elephant thats in the room is
tumbling tumbling tumbling
in duplicate and duplicate
plastic bags and
duplicate and triplicate
dead from the neck up
guess im stuffed, stuffed, stuffed
we thought you had it in you
but no, no, no
exactly where do you get off
Is enough is enough is enough
I love you but enough is enough, enough
a last stop
There's no real reason

you've got a head full of feathers
you got melted to butter",True,-0.976,0.047,0.174,0.779,86,55,0.6395348837209303
0YJ9FWWHn9EfnN0lHwbzvV,Jigsaw Falling Into Place,In Rainbows,2007,"Just as you take my hand
Just as you write my number down
Just as the drinks arrive
Just as they play your favourite song
As your bad day disappears
No longer wound up like a spring
Before you've had too much
Come back and focus again

The walls are bending shape
You got a Cheshire cat grin
All blurring into one
This place is on a mission
Before the night owl
Before the animal noises
Closed circuit cameras
Before you comatose

Before you run away from me
Before you're lost between the notes
The beat goes round and round
The beat goes round and round
I never really got there
I just pretended that I had
Words are blunt instruments
Words are a sawn off shotguns

Come on and let it out
Come on and let it out
Come on and let it out
Come on and let it out

Before you run away from me
Before you're lost between the notes
Just as you take the mic
Just as you dance, dance, dance

Jigsaw falling into place
So there is nothing to explain
You eye each other as you pass
She looks back and you look back
Not just once
Not just twice
Wish away your nightmare
Wish away the nightmare
You've got the light you can feel it on your back
A light you can feel it on your back
Jigsaw falling into place",True,-0.711,0.05,0.082,0.867,106,70,0.660377358490566
48X4D1FYOShPz2VF3YdfCF,House Of Cards,In Rainbows,2007,"I don't want to be your friend
I just want to be your lover
No matter how it ends
No matter how it starts

Forget about your house of cards
And I'll do mine
Forget about your house of cards
And I'll do mine

Fall off the table,
Get swept under
Denial, denial

The infrastructure will collapse
Voltage spikes
Throw your keys in the bowl
Kiss your husband goodnight

Forget about your house of cards
And I'll do mine
Forget about your house of cards
And I'll do mine

Fall off the table,
And get swept under

Denial, denial
Denial, denial
Your ears should be burning
Denial, denial
Your ears should be burning
Denial, denial",True,-0.3907,0.093,0.137,0.77,56,27,0.48214285714285715
02ppMPbg1OtEdHgoPqoqju,Reckoner,In Rainbows,2007,"Reckoner
Can't take it with you
Dancing for your pleasure

You are not to blame for
Bittersweet distractors
Dare not speak its name
Dedicated to all human, all human beings

Because we separate
Like ripples on a blank shore
Because we separate (In rainbows)
Like ripples on a blank shore (In rainbows)

Reckoner
Take me with you
Dedicated to all human, all human beings",True,0.9375,0.229,0.018,0.753,33,20,0.6060606060606061
6Z467S228pBaUaAaMMBIHl,MK 2,In Rainbows,2007,"(instrumental)

(Grazie a Braska per questo testo)",True,0.0,0.0,0.0,1.0,6,6,1.0
3HPLfZhQUds6N6tZ4WiApn,4 Minute Warning,In Rainbows,2007,"This is just a nightmare
But soon I'm going to wake up
Someone's gonna bring me around

Hiding from the bombers
Wading through the fields
Running in the half light

Running to ????
Just like everybody
Could ????

Running through the underground
And this is your warning
4 minute warning

I don't wanna hear it
I don't wanna grow old
I just wanna run and hide

Now I'm in a nightmare
But soon I'm gonna wake up
Someone's gonna bring me 'round

This is your warning
4 minute warning",True,-0.932,0.034,0.189,0.778,37,26,0.7027027027027027
35YyxFpE0ZTOoqFx5bADW8,Nude,In Rainbows,2007,"Don't get any big ideas
They're not gonna happen

You paint yourself white
And fill up with noise
But there'll be something missing

Now that you've found it, it's gone
Now that you feel it, you don't
You've gone off the rails

So don't get any big ideas
They're not gonna happen
You'll go to hell
For what your dirty mind
Is thinking",True,-0.9331,0.0,0.179,0.821,24,19,0.7916666666666666
4wajJ1o7jWIg62YqpkHC7S,Weird Fishes/ Arpeggi,In Rainbows,2007,,False,,,,,0,0,
4pWIwnnqx8k01fuF95UMIg,Bodysnatchers,In Rainbows,2007,"I do not
Understand
What it is
I've done wrong
Full of holes
Check the pulse
Blink your eyes
One for yes
Two for no

I have no idea what I am talking about
I'm trapped in this body and can't get out
Ooooohhhh

Make a sound
Move back home
Get an invitation
With the edges
Sawn off

I have no idea what you are talking about
I'm trapped in this body and can't get out
Ooooohhhh

Has the light gone out for you?
Because the light's gone out for me
It is the 21st century
It is the 21st century
You can fight it like a dog
And they brought me to my knees
They got scared and they put me in
They got scared and they put me in
All the lies run around my face
All the lies run around my face
And for anyone else to see
And for anyone else to see

I'm alive

I've seen it coming",True,-0.967,0.043,0.168,0.789,69,49,0.7101449275362319
4oXg7xT4ksBxHTx8PcmSXw,15 Step,In Rainbows,2007,"How come I end up where I started
How come I end up where I belong
Won't take my eyes off the ball again
You reel me out the you cut the string

How come I end up where I started
How come I end up where I belong
Won't take my eyes off the ball again
First you reel me out and then you cut the string

You used to be alright
What happened?
Did the cat get your tongue
Did your string come undone
One by one
One by one
It comes to us all
It's as soft as your pillow

You used to be alright
What happened?
Etcetera etcetera
Fads for whatever (Yeah!)
15 steps
Then a shear drop

How come I end up where I started?
How come I end up where I went wrong?
Won't take my eyes off the ball again
You reel me out then you cut the string",True,-0.8295,0.026,0.083,0.89,64,30,0.46875
5MjwOoU9YISfMujFrjEwxu,Up On The Ladder,In Rainbows,2007,"I'm stuck in the tardis
Trapped in hyperspace
One minute snake charming
The next in a motorcade

All the right moves in
And in the right places
Watch me dance
I'm a puppet
You can almost see the strings

Give me an answer
Give me a line
I've been climbing up this ladder
I've been wasting my time

Up on the ladder
We are tied to the stake
Up on the ladder
We wait for you mistake

Up on the ladder
Trying to call out your name
Up on the ladder
You're all the fucking same",True,-0.6908,0.037,0.103,0.86,40,34,0.85
1mM2u5TRMdUKsIfZKEI6yJ,Last Flowers,In Rainbows,2007,"Appliances have gone berserk
I cannot keep up
Treading on people's toes
Snot-nosed little punk

And I can't face the evening straight
You can offer me escape
Houses move and houses speak
If you take me then you'll get relief
relief, relief, relief, ...

And if I'm gonna talk
I just wanna talk
Please don't interrupt
Just sit back and listen

Cause I can't face the evening straight
And you can offer me escape
Houses move and houses speak
If you take me then you'll get relief
relief, relief, relief, relief...

It's too much
Too bright
Too powerful

Too much
Too bright
Too powerful

Too much
Too bright
Too powerful

Too much

(Thanks to Paolo, Gerardo for these corrections)",True,0.9934,0.36,0.0,0.64,67,38,0.5671641791044776
0Hnik88ryug02UaEOTiXrE,Bangers + Mash,In Rainbows,2007,"You bit me, bit me, bit me, ow
You bit me, bit me, now I want more

I'm standing in the hall, I'm puking on the wall
It's all heading south to the Conger Hill
The bangers and the mash, the negatives for cash
You're either in the club, baby, or you're not
Whatever turns you on, whatever gets you up
Chief of Police or Vice Chancellor
Lord and Lady blah blah, the vicar and the judge
You're all dancing to my little red book

Because you bit me, bit me, bit me, ow
I got the poison, poison, and I want more

If you are on top then it is a long drop
The pyramid is power, we're changing the hour
If you are on the top then it is a long drop
If you stare into the dark the dark will stare back
Back into your soul

I'm taking you down, I'm taking you down
I'm taking you down When I go down
I'm taking you down, I'm taking you down
I'm standing in the hall, I'm puking on the wall

Yeah, because you bit me, bit me, bit me, ow
The poison, I got the poison, I got the poison now
Yeah, I got the poison",True,-0.975,0.047,0.149,0.805,82,47,0.573170731707317
135WMJorhiGvPe50XF54D9,Identikit,A Moon Shaped Pool,2016,"(A moon shaped pool
Dancing clothes won't let me in
And now I know it's never gonna be oh me)

Sweet-faced ones with nothing left inside
That we all can love, that we all can love, that we all
The sweet-faced ones with nothing left inside
That we all can love, that we all can love, that we all

And now I see you messing me around
I don’t want to know, I don’t want to know, I don’t want
When I see you messing me around
I don’t want to know, I don’t want to know, I don’t want to know

Broken hearts make it rain
Broken hearts make it rain
Broken hearts make it rain
Broken hearts make it rain
Broken hearts make it rain
Broken hearts make it rain
Broken hearts make it rain
Broken hearts make it rain
Broken hearts make it rain
Broken hearts

Broken hearts make it rain
Broken hearts make it rain
Broken hearts make it rain
Broken hearts make it rain
Broken hearts make it rain
Broken hearts make it rain
Broken hearts make it rain
Broken hearts make it rain

Pieces of a ragdoll mankind
That we can create, that we can create, that we can
Pieces of a ragdoll mankind
That we can create, that we can create

But when I see you messing me around
I don’t want to know, I don’t want to know, I don’t want
When I see you messing me around
I don’t want to know, I don’t want to know, I don’t want to know",True,-0.8658,0.118,0.135,0.747,138,27,0.1956521739130435
0uOeAmfdyaekD2RIGwCDwq,Glass Eyes,A Moon Shaped Pool,2016,"Hey it's me
I just got off the train
A frightening place
The faces are concrete grey

And I'm wondering, should I turn around?
Buy another ticket
Panic is coming on strong
So cold, from the inside out

No great job
No message coming in
And you're so small
Glassy-eyed light of day
Glassy-eyed light of day

The path trails off
And heads down a mountain
Through the dry bush, I don't know where it leads
I don't really care
And the path trails off
And heads down a mountain
Through the dry bush, I don't know where it leads
I don't really care

I feel this love to the core
I feel this love to the core",True,0.3422,0.131,0.128,0.741,57,39,0.6842105263157895
1GnFQL9XnxrXFloKm1yjuW,The Numbers,A Moon Shaped Pool,2016,"It holds us like a phantom
The touch is like a breeze
It shines its understanding
See the moon smiling

Open on all channels
Ready to receive
And we're not at the mercy
Of your chimeras and spells
Yur chimeras and spells
Mmmhm

We are of the earth
To her we do return
The future is inside us
It's not somewhere else
It's not somewhere else
It's not somewhere else

(One day at a time)
One day at a time

We call upon the people
People have this power
The numbers don't decide
Your system is a lie
The river running dry
The wings of a butterfly
And you may pour us away like soup
Like we're pretty broken flowers
We'll take back what is ours
Take back what is ours

One day at a time",True,0.9098,0.13,0.036,0.834,68,50,0.7352941176470589
7KHQtpLpoIV3Wfu22YQT8y,Present Tense,A Moon Shaped Pool,2016,"This dance
This dance
Is like a weapon
Is like a weapon
Of self defense
Of self defense
Against the present
Against the present
The present tense

No, I won't get heavy
No, don't get heavy
Keep it light and
Keep it moving
I am doing
No harm

As my world
Comes crashing down
I'll be dancing
Freaking out
Deaf dumb and blind

In you I'm lost
In you I'm lost

I won't turn around or the penny drops
I won't stop now, I won't slack off
Or all this love will be in vain

To stop from falling down a mine
It's no one's business but mine
Where all this love has been in vain

In you I'm lost
In you I'm lost

In you I'm lost
In you I'm lost",True,-0.9389,0.121,0.265,0.614,53,34,0.6415094339622641
1Rd5OVjqDAr5xC96MHt448,Daydreaming,A Moon Shaped Pool,2016,"Dreamers
They never learn
They never learn

Beyond the point
Of no return
Of no return

It's too late
The damage is done
The damage is done

This goes
Beyond me
Beyond you

A white room
By a window
Where the Sun comes through

We are
Just happy to serve
Just happy to serve you",True,-0.34,0.113,0.166,0.721,26,17,0.6538461538461539
4mRSbPLnOm54ttkTYvxxSY,Decks Dark,A Moon Shaped Pool,2016,"Then into your life, there comes a darkness
There's a spacecraft blocking out the sky
And there's nowhere to hide
You run to the back and you cover your ears
But it's the loudest sound you've ever heard
And all we trapped, rag doll cloth people
We are helpless to resist
Into our darkest hour

But it was just a laugh, just a laugh
Just a laugh, just a laugh
Even at this angle
And so we crumble
A 10-ton head, made of wet sand
Oh this dread circumference
You gotta be kidding me
The grass grows over me
Your face in the glass, in the glass
It was just a laugh, just a laugh
It's whatever you say it is
In split infinities

Then in your life, there comes a darkness
There's a spacecraft blocking out the sky
And there's nowhere to hide
You run to the back and you cover your ears
It's the loudest sound you've ever heard
In your darkest hour

When you've had enough of me
When you've had enough of me
Sweet times
When you've had enough of me
When you've had enough of me
Sweet times
Sweet times
Sweet times
Sweet times",True,0.9773,0.216,0.125,0.66,87,49,0.5632183908045977
3DpuYpzkvUWXbmzCm6pfzR,Burn the Witch,A Moon Shaped Pool,2016,"Stay in the shadows
Cheer at the gallows
This is a round up

This is a low flying panic attack
Sing a song on the jukebox that goes

Burn the witch
Burn the witch
We know where you live

Red crosses on wooden doors
And if you float you burn
Loose talk around tables
Abandon all reason
Avoid all eye contact
Do not react
Shoot the messengers

This is a low flying panic attack
Sing the song of sixpence that goes

Burn the witch
Burn the witch
We know where you live
We know where you live",True,-0.9778,0.045,0.292,0.662,53,35,0.660377358490566
0eLVt8CGVdNnyMcfP38kDi,Desert Island Disk,A Moon Shaped Pool,2016,"Now as I go upon my way
So let me go upon my way
Born of a light
Born of a light

The wind rushing round my open heart
An open ravine
In my spirit light
Totally alive
In my spirit light

Through an open doorway
Across a street
To another life
And catching my reflection in a window
Switching on a light
One I didn’t know
Totally alive
Totally released

Waking, waking up from shutdown
From a thousand years of sleep
Yeah you, you know what I mean
You know what I mean
You know what I mean

Standing on the edge of you
You know what I mean
You know what I mean
You know what I mean
Different types of love
Different types of love
Different types of love
Are possible
Are possible
Are possible
Are possible",True,0.9719,0.169,0.0,0.831,72,38,0.5277777777777778
6nOsTV3cMjLh3k6Wpk468L,Ful Stop,A Moon Shaped Pool,2016,"You really messed up everything

You really messed up everything
If you could take it all back again
Strike up what's in the box
Why should I be good if you're not?
This is a foul tasting medicine
A foul tasting medicine
To be trapped in your full stop

Truth will mess you up
Truth will mess you up
Truth will mess you up
Truth will mess you up
Truth will mess you up
Truth will mess you up
Truth will mess you up
Truth will mess you up
Truth will mess you up
(All the good times)
(All the good times)
(All the good times)
(All the good times)
(All the good times)
(All the good times)
(All the good times)
(All the good times)

When you take me back
Take me back again
When you take me back
Take me back again

You really me...
You really messed up... aaaaah...",True,0.845,0.233,0.188,0.579,68,20,0.29411764705882354
3YQVYTkonczhXyj31HH4AK,Tinker Tailor Soldier Sailor Rich Man Poor Man Beggar Man Thief,A Moon Shaped Pool,2016,"All the holes at once are coming alive
Set free
Out of sight and out of mind
The lonely and their prey

The ones you light your fires to keep away
Crawling out upon its belly
And all you have to do is say yeah

All the birds stay up in the trees
All the fish swim down too deep
The lonely and their prey
I am here
Come to me before it's too late

The one you light your fires to keep away
Is crawling out upon its belly
And all you have to do is say yeah",True,0.6486,0.096,0.047,0.857,37,27,0.7297297297297297
07XaOyTS5hyaWiUK1Bc3bR,True Love Waits,A Moon Shaped Pool,2016,"I'll drown my beliefs
To have your babies
I'll dress like your niece
And wash your swollen feet

Just don't leave
Don't leave

I'm not living
I'm just killing time
Your tiny hands
Your crazy kitten smile

Just don't leave
Don't leave

And true love waits
In haunted attics
And true love lives
On lollipops and crisps

Just don't leave
Don't leave

.
.",True,-0.4545,0.24,0.216,0.544,33,26,0.7878787878787878
